{"cameraMode":{"drawMode":0,"name":"Shaded","section":"Shading Mode"},"sceneLighting":true,"audioPlay":false,"sceneViewState":{"m_AlwaysRefresh":false,"showFog":true,"showSkybox":true,"showFlares":true,"showImageEffects":true,"showParticleSystems":true,"showVisualEffectGraphs":true,"m_FxEnabled":true},"in2DMode":false,"pivot":{"x":-711.1126098632813,"y":22.47249412536621,"z":804.8927612304688},"rotation":{"x":0.041350919753313068,"y":0.07116614282131195,"z":-0.00221291184425354,"w":0.9969417452812195},"size":12.12435531616211,"orthographic":false}