{"cameraMode":{"drawMode":0,"name":"Shaded","section":"Shading Mode"},"sceneLighting":true,"audioPlay":false,"sceneViewState":{"m_AlwaysRefresh":false,"showFog":true,"showSkybox":true,"showFlares":true,"showImageEffects":true,"showParticleSystems":true,"showVisualEffectGraphs":true,"m_FxEnabled":true},"in2DMode":false,"pivot":{"x":-714.1016235351563,"y":25.844676971435548,"z":804.9143676757813},"rotation":{"x":0.04857940226793289,"y":0.061153434216976169,"z":0.0017754455329850317,"w":-0.9973176717758179},"size":12.12435531616211,"orthographic":false}